timestamp,date,open,high,low,close,volume
1728950400,2024-10-15,0.54811,0.55500,0.53175,0.54175,9164936.69450520
1729036800,2024-10-16,0.54175,0.55373,0.53776,0.54817,4163634.86085611
1729123200,2024-10-17,0.54821,0.56595,0.54200,0.54363,7419460.68623983
1729209600,2024-10-18,0.54386,0.55279,0.53984,0.54659,5929953.41520722
1729296000,2024-10-19,0.54660,0.54990,0.54079,0.54466,2767842.22574001
1729382400,2024-10-20,0.54414,0.54837,0.53750,0.54811,4306048.56845624
1729468800,2024-10-21,0.54833,0.56000,0.54120,0.54495,5457934.02566721
1729555200,2024-10-22,0.54491,0.54901,0.52929,0.53334,5126415.32132420
1729641600,2024-10-23,0.53352,0.53403,0.51177,0.52551,10105438.58469058
1729728000,2024-10-24,0.52550,0.53337,0.52387,0.53183,4344698.24444518
1729814400,2024-10-25,0.53167,0.53179,0.48676,0.50142,11977306.22313739
1729900800,2024-10-26,0.50126,0.51514,0.49842,0.51275,5530783.36691292
1729987200,2024-10-27,0.51275,0.51712,0.51040,0.51638,3530130.74165163
1730073600,2024-10-28,0.51630,0.52105,0.51117,0.51916,4240097.92266946
1730160000,2024-10-29,0.51918,0.53072,0.51820,0.52814,7931403.34857166
1730246400,2024-10-30,0.52803,0.52813,0.51937,0.52281,4191282.59188157
1730332800,2024-10-31,0.52274,0.52358,0.50291,0.50888,5220750.14403052
1730419200,2024-11-01,0.50899,0.52361,0.50250,0.51276,5332881.85378185
1730505600,2024-11-02,0.51282,0.51578,0.50665,0.51003,2354450.41550705
1730592000,2024-11-03,0.51032,0.51073,0.49216,0.50292,6001118.72592620
1730678400,2024-11-04,0.50292,0.51379,0.49483,0.50322,7584637.53814992
1730764800,2024-11-05,0.50322,0.51833,0.50154,0.51410,7123337.92750511
1730851200,2024-11-06,0.51422,0.54714,0.51419,0.54234,12814771.44467396
1730937600,2024-11-07,0.54245,0.57851,0.53823,0.55617,14145998.92199556
1731024000,2024-11-08,0.55615,0.56000,0.54173,0.55413,10166372.78373777
1731110400,2024-11-09,0.55398,0.56186,0.54399,0.55970,5889750.36885121
1731196800,2024-11-10,0.55956,0.61968,0.55600,0.58868,40949033.28717145
1731283200,2024-11-11,0.58885,0.63360,0.57093,0.62181,35265673.36924821
1731369600,2024-11-12,0.62180,0.74000,0.59595,0.70445,97390536.83003338
1731456000,2024-11-13,0.70461,0.74884,0.64194,0.69095,51174695.69379400
1731542400,2024-11-14,0.69068,0.89890,0.68391,0.77298,92237829.28639911
1731628800,2024-11-15,0.77409,0.92747,0.77062,0.89247,105981052.96938605
1731715200,2024-11-16,0.89278,1.27472,0.87825,1.12065,175491443.33902526
1731801600,2024-11-17,1.12066,1.15986,0.99888,1.05452,76055085.35107530
1731888000,2024-11-18,1.05464,1.18673,1.05464,1.11493,71472632.27876695
1731974400,2024-11-19,1.11503,1.14818,1.07000,1.10191,48936723.99252596
1732060800,2024-11-20,1.10197,1.15000,1.05740,1.10467,54952563.89906788
1732147200,2024-11-21,1.10466,1.26423,1.08000,1.24757,99705234.74850801
1732233600,2024-11-22,1.24850,1.50026,1.24523,1.47320,185715471.60208491
1732320000,2024-11-23,1.47305,1.63397,1.41733,1.46985,118573661.81316667
1732406400,2024-11-24,1.46821,1.51776,1.25945,1.43372,108855625.40893820
1732492800,2024-11-25,1.43430,1.53897,1.35726,1.41293,116111118.96926196
1732579200,2024-11-26,1.41293,1.45788,1.28288,1.39816,60952017.99637234
1732665600,2024-11-27,1.39816,1.52380,1.35238,1.47274,48060582.98725833
1732752000,2024-11-28,1.47200,1.54545,1.43110,1.54545,29940088.29855236
1732838400,2024-11-29,1.54239,1.81830,1.52383,1.80241,88433477.06963399
1732924800,2024-11-30,1.80156,1.95846,1.75862,1.95253,101446675.32344625
1733011200,2024-12-01,1.95259,2.37390,1.85022,2.29393,130351038.36988497
1733097600,2024-12-02,2.29806,2.86971,2.19019,2.72585,275907787.35202422
1733184000,2024-12-03,2.72481,2.90000,2.27639,2.51204,202830288.33204530
1733270400,2024-12-04,2.51204,2.68000,2.27290,2.36257,121757992.45226530
1733356800,2024-12-05,2.36100,2.49950,2.16666,2.24710,116859649.48395631
1733443200,2024-12-06,2.24710,2.46857,2.22970,2.42906,50875900.02867697
1733529600,2024-12-07,2.42932,2.62000,2.38605,2.61247,58509427.24128497
1733616000,2024-12-08,2.61248,2.64951,2.48037,2.60413,36925738.33214877
1733702400,2024-12-09,2.60372,2.60857,1.98990,2.21737,92687381.29790479
1733788800,2024-12-10,2.21501,2.42000,1.89900,2.37267,131056087.37420551
1733875200,2024-12-11,2.37279,2.47351,2.22000,2.39499,58108104.41709054
1733961600,2024-12-12,2.39500,2.48000,2.31000,2.33782,40115944.01578125
1734048000,2024-12-13,2.33909,2.48854,2.28371,2.42284,34740365.69056089
1734134400,2024-12-14,2.42284,2.53000,2.35544,2.39957,27601067.38244990
1734220800,2024-12-15,2.40012,2.47000,2.36781,2.44586,18078825.76932625
1734307200,2024-12-16,2.44598,2.58700,2.32738,2.48490,48392145.19012259
1734393600,2024-12-17,2.48487,2.72673,2.44108,2.56702,78536235.09927825
1734480000,2024-12-18,2.56774,2.59000,2.25000,2.30918,54668099.86651926
1734566400,2024-12-19,2.30890,2.43000,2.15610,2.23663,61646960.41411653
1734652800,2024-12-20,2.23665,2.35283,1.95502,2.27849,68787999.59267375
1734739200,2024-12-21,2.27879,2.38300,2.19139,2.23502,25277162.31668198
1734825600,2024-12-22,2.23715,2.29000,2.16000,2.20022,18219469.12637826
1734912000,2024-12-23,2.20116,2.27694,2.13000,2.25902,28699886.13233180
1734998400,2024-12-24,2.25912,2.34800,2.21198,2.32191,19038055.14139449
1735084800,2024-12-25,2.32214,2.33135,2.25693,2.29602,9741572.01944054
1735171200,2024-12-26,2.29588,2.31381,2.12672,2.15371,16564468.73335978
1735257600,2024-12-27,2.15372,2.23400,2.11265,2.14298,18946559.50146041
1735344000,2024-12-28,2.14299,2.20171,2.13110,2.18081,7775897.62981832
1735430400,2024-12-29,2.18063,2.19458,2.06673,2.09080,11882035.81066723
1735516800,2024-12-30,2.09081,2.14650,1.99338,2.05440,28310661.76320634
1735603200,2024-12-31,2.05480,2.14637,2.01000,2.08017,20001856.72395141
1735689600,2025-01-01,2.07974,2.35000,2.07804,2.32700,33557751.95064951
1735776000,2025-01-02,2.32700,2.44500,2.32575,2.40000,29680866.28498389
1735862400,2025-01-03,2.40030,2.47841,2.39588,2.45338,23423891.28929545
1735948800,2025-01-04,2.45339,2.50733,2.40100,2.41800,13308634.39695333
1736035200,2025-01-05,2.41800,2.42736,2.32800,2.39897,14934001.59458494
1736121600,2025-01-06,2.39906,2.45907,2.36922,2.42117,17678084.58358971
1736208000,2025-01-07,2.42147,2.47000,2.26000,2.27059,28483263.51578968
1736294400,2025-01-08,2.27085,2.39500,2.20000,2.37367,39466185.42400482
1736380800,2025-01-09,2.37283,2.39435,2.23500,2.27258,29210045.94650346
1736467200,2025-01-10,2.27258,2.37000,2.24675,2.34086,24119404.19218947
1736553600,2025-01-11,2.34098,2.59963,2.32511,2.57577,42629173.49050238
1736640000,2025-01-12,2.57585,2.58000,2.46724,2.50349,23867787.87473540
1736726400,2025-01-13,2.50326,2.56295,2.33217,2.52490,46911466.21305252
1736812800,2025-01-14,2.52491,2.69331,2.51304,2.66750,41185747.93935819
1736899200,2025-01-15,2.66750,3.20000,2.64742,3.14091,111952427.08759618
1736985600,2025-01-16,3.14337,3.39987,2.91920,3.24232,131875516.21047507
1737072000,2025-01-17,3.24545,3.35369,3.16943,3.29292,57846793.77127973
1737158400,2025-01-18,3.29292,3.29900,3.06029,3.26500,51631181.88840256
1737244800,2025-01-19,3.26500,3.28696,2.81060,2.95537,75948709.14103564
1737331200,2025-01-20,2.95651,3.36250,2.90700,3.10321,90881484.01932097
1737417600,2025-01-21,3.10259,3.23975,3.01200,3.17544,40003006.89178291
1737504000,2025-01-22,3.17504,3.28529,3.13000,3.17600,37263963.06755626
1737590400,2025-01-23,3.17728,3.18500,3.03564,3.11963,51170860.27759743
1737676800,2025-01-24,3.11963,3.20722,3.05499,3.10303,24535956.22901424
1737763200,2025-01-25,3.10303,3.14000,3.07500,3.10789,10503801.08987469
1737849600,2025-01-26,3.10797,3.14200,3.01112,3.02239,12873351.99604164
1737936000,2025-01-27,3.02239,3.06001,2.65620,3.05479,83144772.67894694
1738022400,2025-01-28,3.05544,3.21499,3.00774,3.05767,45037689.88243887
1738108800,2025-01-29,3.05768,3.13333,2.96744,3.06824,32387468.23082059
1738195200,2025-01-30,3.06828,3.15570,3.05000,3.13001,20370519.83194594
1738281600,2025-01-31,3.13001,3.13371,3.00151,3.03577,21274190.81884408
1738368000,2025-02-01,3.03569,3.06974,2.85000,2.87790,22025118.01101719
1738454400,2025-02-02,2.87823,2.95473,2.47000,2.57815,81859009.98358455
1738540800,2025-02-03,2.57910,2.78499,1.75000,2.70319,176788098.19447495
1738627200,2025-02-04,2.70305,2.79160,2.41942,2.52781,74750871.79988040
1738713600,2025-02-05,2.52785,2.57000,2.34454,2.38059,40597945.02126259
1738800000,2025-02-06,2.38095,2.46922,2.27941,2.32562,33100578.10046534
1738886400,2025-02-07,2.32564,2.53994,2.26800,2.39780,59316533.15125515
1738972800,2025-02-08,2.39781,2.43500,2.35251,2.42001,15159065.22021252
1739059200,2025-02-09,2.42001,2.50774,2.31102,2.39320,28997058.79095400
1739145600,2025-02-10,2.39360,2.47275,2.32360,2.42366,26460299.58828814
1739232000,2025-02-11,2.42372,2.52750,2.37066,2.41241,41652922.50507133
1739318400,2025-02-12,2.41286,2.49501,2.33303,2.47318,41528045.07300818
1739404800,2025-02-13,2.47354,2.60473,2.41723,2.55989,28587969.96295771
1739491200,2025-02-14,2.56056,2.83464,2.53240,2.73929,61940145.39365468
1739577600,2025-02-15,2.73930,2.83226,2.71423,2.76289,26890633.22763470
1739664000,2025-02-16,2.76289,2.80331,2.69500,2.72869,16549586.15135249
1739750400,2025-02-17,2.72889,2.76322,2.60761,2.65941,32858057.97878165
1739836800,2025-02-18,2.65949,2.66780,2.47000,2.56137,38574331.21587299
1739923200,2025-02-19,2.56137,2.74500,2.51125,2.73928,35858433.59539189
1740009600,2025-02-20,2.73928,2.74912,2.66786,2.68888,24612161.58525451
1740096000,2025-02-21,2.68888,2.71549,2.50848,2.57020,38947408.05697567
1740182400,2025-02-22,2.57020,2.61001,2.55268,2.57553,8769283.55559978
1740268800,2025-02-23,2.57553,2.59993,2.52017,2.57581,14034088.52582655
1740355200,2025-02-24,2.57603,2.60450,2.23101,2.27500,59617806.69138306
1740441600,2025-02-25,2.27753,2.36342,2.06397,2.31954,77182377.07041557
1740528000,2025-02-26,2.31957,2.32808,2.14845,2.19492,34886073.70977581
1740614400,2025-02-27,2.19536,2.25478,2.14411,2.19625,22537263.18654092
1740700800,2025-02-28,2.19694,2.19936,1.95000,2.14537,54555743.07242432
1740787200,2025-03-01,2.14537,2.21889,2.12200,2.18900,19812025.23272854
1740873600,2025-03-02,2.19099,3.00000,2.17456,2.93911,133057217.22049360
1740960000,2025-03-03,2.93977,2.97000,2.29351,2.38500,86960345.15176671
1741046400,2025-03-04,2.38500,2.54000,2.21177,2.45475,78461092.23539256
1741132800,2025-03-05,2.45408,2.54000,2.40800,2.50028,31276109.01945390
1741219200,2025-03-06,2.50028,2.64501,2.47238,2.60010,35303218.17282634
1741305600,2025-03-07,2.60002,2.62095,2.25200,2.38186,81817304.07346060
1741392000,2025-03-08,2.38404,2.40947,2.30166,2.32429,16429009.33817769
1741478400,2025-03-09,2.32496,2.34888,2.08169,2.13620,46883112.55512809
1741564800,2025-03-10,2.13651,2.26000,1.99152,2.01906,56061374.83368704
1741651200,2025-03-11,2.02079,2.21311,1.90000,2.16863,54265146.88397809
1741737600,2025-03-12,2.16863,2.27500,2.13234,2.23900,35521280.91461911
1741824000,2025-03-13,2.23901,2.35000,2.21480,2.25186,34589027.15736765
1741910400,2025-03-14,2.25179,2.38955,2.23703,2.35617,18892021.87449289
1741996800,2025-03-15,2.35642,2.47702,2.35500,2.39131,18870798.48924357
1742083200,2025-03-16,2.39130,2.40957,2.26866,2.29486,21266263.97496054
1742169600,2025-03-17,2.29407,2.38131,2.29185,2.33801,19005446.99900757
1742256000,2025-03-18,2.33820,2.33896,2.22300,2.28476,14276987.73862172
1742342400,2025-03-19,2.28515,2.59240,2.26532,2.54757,54846284.43141774
1742428800,2025-03-20,2.54796,2.56109,2.38901,2.43479,28316899.43360169
1742515200,2025-03-21,2.43445,2.46485,2.35628,2.37989,14251178.87766474
1742601600,2025-03-22,2.37993,2.41444,2.36000,2.37011,6714175.48634374
1742688000,2025-03-23,2.37058,2.44000,2.36499,2.43952,7385578.92880587
1742774400,2025-03-24,2.43950,2.50278,2.41540,2.45056,17129246.09049078
1742860800,2025-03-25,2.45056,2.47639,2.40832,2.45000,11342219.99984791
1742947200,2025-03-26,2.44962,2.47811,2.32966,2.34892,23284243.48809700
1743033600,2025-03-27,2.34893,2.38947,2.30096,2.34064,16955709.34890796
1743120000,2025-03-28,2.34057,2.34183,2.15244,2.20667,22522768.36292245
1743206400,2025-03-29,2.20664,2.22469,2.06001,2.13253,17831010.89822946
1743292800,2025-03-30,2.13359,2.21500,2.10755,2.13594,12521459.38728687
1743379200,2025-03-31,2.13654,2.13932,2.02395,2.08960,20218585.93449739
1743465600,2025-04-01,2.08960,2.19974,2.06606,2.13833,20698177.00333694
1743552000,2025-04-02,2.13883,2.23506,1.98325,2.02231,33326918.40697712
1743638400,2025-04-03,2.02231,2.08067,1.96053,2.06303,29647325.43244511
1743724800,2025-04-04,2.06434,2.15970,2.01720,2.12968,27696348.53129919
1743811200,2025-04-05,2.12949,2.17533,2.11384,2.14401,10031080.78538457
1743897600,2025-04-06,2.14401,2.15750,1.86000,1.92093,37509590.60554844
1743984000,2025-04-07,1.92075,2.00723,1.61014,1.89631,97744390.74822954
1744070400,2025-04-08,1.89740,1.97386,1.77649,1.79385,41762498.56567039
1744156800,2025-04-09,1.79419,2.08960,1.72101,2.05196,55210181.81276660
1744243200,2025-04-10,2.05241,2.05578,1.92084,1.96464,26967858.95664598
1744329600,2025-04-11,1.96449,2.06435,1.94630,2.02284,17944466.45410327
1744416000,2025-04-12,2.02284,2.18350,2.00268,2.15845,23080267.63134863
1744502400,2025-04-13,2.15947,2.24466,2.08165,2.11777,26585145.95047455
1744588800,2025-04-14,2.11868,2.17919,2.10496,2.12601,18354241.18684525
1744675200,2025-04-15,2.12726,2.18479,2.08445,2.08533,16048197.20949999
1744761600,2025-04-16,2.08446,2.12659,2.03630,2.08341,22304101.00389682
1744848000,2025-04-17,2.08336,2.11364,2.05300,2.06721,13698541.63121396
1744934400,2025-04-18,2.06721,2.08800,2.04357,2.06283,5731107.38925955
1745020800,2025-04-19,2.06283,2.09781,2.05999,2.08648,6460425.36154055
1745107200,2025-04-20,2.08758,2.09299,2.03803,2.07851,7504507.53010901
1745193600,2025-04-21,2.07852,2.14000,2.06009,2.08524,16509397.64120730
1745280000,2025-04-22,2.08525,2.24900,2.06576,2.21411,22316410.03677829
1745366400,2025-04-23,2.21431,2.29999,2.19208,2.21956,24971762.49565024
1745452800,2025-04-24,2.21980,2.23493,2.12000,2.20568,30093851.22527436
1745539200,2025-04-25,2.20595,2.21937,2.16599,2.18333,21197818.96510262
1745625600,2025-04-26,2.18303,2.24745,2.18144,2.19207,10762052.86557097
1745712000,2025-04-27,2.19213,2.29471,2.16200,2.25269,18284859.59696195
1745798400,2025-04-28,2.25272,2.35936,2.21950,2.29515,26336754.08962688
1745884800,2025-04-29,2.29516,2.31600,2.22201,2.23875,20538235.69934707
1745971200,2025-04-30,2.23856,2.25890,2.12500,2.19113,21197935.90111209
1746057600,2025-05-01,2.19109,2.25796,2.18824,2.21340,15961854.47455681
1746144000,2025-05-02,2.21319,2.24096,2.19399,2.20971,9726902.70234061
1746230400,2025-05-03,2.21025,2.22000,2.17728,2.18863,8124623.36927227
1746316800,2025-05-04,2.18807,2.21700,2.15172,2.15649,4895845.47030753
1746403200,2025-05-05,2.15626,2.19975,2.10685,2.13222,12494248.37707161
1746489600,2025-05-06,2.13178,2.15799,2.07800,2.15459,14497928.60653135
1746576000,2025-05-07,2.15489,2.17025,2.10542,2.12708,11367945.52736252
1746662400,2025-05-08,2.12707,2.32794,2.11841,2.32711,39380573.50485735
1746748800,2025-05-09,2.32691,2.42776,2.28735,2.34501,36187834.91098053
1746835200,2025-05-10,2.34501,2.47523,2.33631,2.47008,26239783.96524981
1746921600,2025-05-11,2.47008,2.48211,2.33100,2.36733,20652260.75737151
1747008000,2025-05-12,2.36739,2.65600,2.35173,2.54379,70400158.93628514
1747094400,2025-05-13,2.54380,2.60500,2.42244,2.58300,32621143.65175353
1747180800,2025-05-14,2.58301,2.65001,2.52011,2.55241,30496006.35684970
1747267200,2025-05-15,2.55241,2.57120,2.35464,2.38426,26245031.22216172
1747353600,2025-05-16,2.38488,2.43990,2.34899,2.38000,21946412.99377057
1747440000,2025-05-17,2.38000,2.39086,2.29963,2.35405,19447774.15114258
1747526400,2025-05-18,2.35403,2.44958,2.33314,2.43030,19552921.11685280
1747612800,2025-05-19,2.42958,2.43980,2.28464,2.38052,18267328.11159571
1747699200,2025-05-20,2.38095,2.40680,2.31507,2.35589,18903203.41376184
1747785600,2025-05-21,2.35590,2.42982,2.33209,2.39641,31947819.36528873
1747872000,2025-05-22,2.39641,2.45681,2.38966,2.43094,26919631.39964190
1747958400,2025-05-23,2.43109,2.47961,2.28616,2.29682,22749605.76689765
1748044800,2025-05-24,2.29682,2.35900,2.28602,2.33086,6042254.16843363
1748131200,2025-05-25,2.33020,2.34525,2.26700,2.34300,10670227.31103487
1748217600,2025-05-26,2.34300,2.35880,2.29711,2.31088,8184510.50514773
1748304000,2025-05-27,2.31088,2.35400,2.27000,2.31900,10321229.60443315
1748390400,2025-05-28,2.31901,2.32334,2.22790,2.27492,10494597.24045380
1748476800,2025-05-29,2.27492,2.31199,2.23790,2.24520,10418378.91660399
1748563200,2025-05-30,2.24519,2.25221,2.13069,2.14044,20502381.94999752
1748649600,2025-05-31,2.14044,2.20685,2.08184,2.17456,15173154.04833500
1748736000,2025-06-01,2.17527,2.18787,2.12516,2.18033,10678861.79006970
1748822400,2025-06-02,2.18029,2.20563,2.13700,2.19689,9564539.81489920
1748908800,2025-06-03,2.19690,2.28169,2.18531,2.24573,17895651.75033860
1748995200,2025-06-04,2.24601,2.26500,2.19750,2.20198,14202846.25490860
1749081600,2025-06-05,2.20195,2.22588,2.05974,2.09500,19860226.10077059
1749168000,2025-06-06,2.09500,2.19150,2.08283,2.16221,12018493.28553960
1749254400,2025-06-07,2.16221,2.19092,2.15010,2.17803,4079094.70809289
1749340800,2025-06-08,2.17796,2.29500,2.16773,2.26784,18829049.71742193
1749427200,2025-06-09,2.26672,2.32946,2.22500,2.32070,13926510.82315505
1749513600,2025-06-10,2.32070,2.32733,2.26123,2.30651,13050089.92807102
1749600000,2025-06-11,2.30651,2.33815,2.25402,2.27081,19335303.03103999
1749686400,2025-06-12,2.27080,2.27315,2.17304,2.19081,9943790.08536346
1749772800,2025-06-13,2.19081,2.19242,2.08598,2.14856,20329417.71759231
1749859200,2025-06-14,2.14814,2.17882,2.11166,2.14000,10690407.68648313
1749945600,2025-06-15,2.14000,2.17499,2.13948,2.16648,4637011.56048130
1750032000,2025-06-16,2.16648,2.33600,2.15282,2.23925,26655380.47122193
1750118400,2025-06-17,2.23893,2.25765,2.14252,2.15955,22022653.88747940
1750204800,2025-06-18,2.15966,2.18076,2.12000,2.17048,9913568.79865276
1750291200,2025-06-19,2.17080,2.18458,2.14607,2.16572,7264446.88613623
1750377600,2025-06-20,2.16506,2.17800,2.08574,2.11945,10473446.00615566
1750464000,2025-06-21,2.11945,2.14404,1.99840,2.06440,11306334.29021625
1750550400,2025-06-22,2.06443,2.08850,1.91000,2.01812,22311349.14817317
1750636800,2025-06-23,2.01760,2.17094,1.96299,2.16084,22123685.58987551
1750723200,2025-06-24,2.16034,2.21600,2.13295,2.19034,13636242.58244256
1750809600,2025-06-25,2.19034,2.22942,2.17122,2.18714,10525721.66571693
1750896000,2025-06-26,2.18705,2.21301,2.09642,2.10599,16934730.03651180
1750982400,2025-06-27,2.10600,2.15548,2.07000,2.14312,11065245.15729168
1751068800,2025-06-28,2.14312,2.20824,2.13560,2.18611,9219142.94146581
1751155200,2025-06-29,2.18541,2.21912,2.17700,2.20786,6836735.60603163
1751241600,2025-06-30,2.20786,2.32741,2.16576,2.23718,21898959.33395386
1751328000,2025-07-01,2.23666,2.25411,2.14802,2.17219,14795051.70165127
1751414400,2025-07-02,2.17219,2.29010,2.15866,2.23432,20061380.98466760
1751500800,2025-07-03,2.23432,2.31177,2.22600,2.25723,14559548.16859431
1751587200,2025-07-04,2.25727,2.26855,2.19719,2.22084,13084929.52182821
1751673600,2025-07-05,2.22085,2.23334,2.20345,2.21814,4350172.71791543
1751760000,2025-07-06,2.21831,2.28942,2.21000,2.27262,11681205.45931290
1751846400,2025-07-07,2.27262,2.35308,2.25728,2.27101,25178651.64838039
1751932800,2025-07-08,2.27101,2.32100,2.25035,2.31137,14324334.51527165
1752019200,2025-07-09,2.31137,2.42801,2.29903,2.40476,27266645.46865354
1752105600,2025-07-10,2.40468,2.56735,2.39438,2.54650,30939767.47579060
1752192000,2025-07-11,2.54651,2.97358,2.51127,2.73373,79353423.40287174
1752278400,2025-07-12,2.73373,2.84783,2.66084,2.73818,30285775.12901066
1752364800,2025-07-13,2.73818,2.89440,2.72478,2.83733,27172338.31577486
1752451200,2025-07-14,2.83738,3.03244,2.82378,2.95893,63715678.85788196
1752537600,2025-07-15,2.95863,2.95872,2.80364,2.91950,35509653.25986247
1752624000,2025-07-16,2.91918,3.10000,2.88000,3.04001,46881780.55450454
1752710400,2025-07-17,3.04001,3.55340,2.99000,3.48393,112521397.84131236
1752796800,2025-07-18,3.48393,3.66450,3.34662,3.41783,95869023.78551696
1752883200,2025-07-19,3.41782,3.48764,3.35750,3.42618,30434223.70567929
1752969600,2025-07-20,3.42619,3.55829,3.39000,3.45716,43909135.24767121
1753056000,2025-07-21,3.45583,3.65000,3.40972,3.55255,42626913.35202697
1753142400,2025-07-22,3.55255,3.57958,3.42528,3.55231,43625853.67021943
1753228800,2025-07-23,3.55231,3.55326,3.05000,3.18547,68715104.69317511
1753315200,2025-07-24,3.18611,3.26748,2.95930,3.14672,57488451.68645017
1753401600,2025-07-25,3.14719,3.16271,3.00160,3.14213,43077418.42476101
1753488000,2025-07-26,3.14214,3.21810,3.10914,3.16601,19698195.71313172
1753574400,2025-07-27,3.16601,3.25000,3.15828,3.23991,14477371.59590112
1753660800,2025-07-28,3.24047,3.33000,3.10710,3.12278,31906501.40552827
1753747200,2025-07-29,3.12347,3.18549,3.05218,3.12758,43550672.25716477
1753833600,2025-07-30,3.12758,3.16000,2.99999,3.09528,47367082.76776841
1753920000,2025-07-31,3.09528,3.17593,3.01500,3.02276,33470911.39699855
1754006400,2025-08-01,3.02276,3.05758,2.89202,2.95992,49249026.75171983
1754092800,2025-08-02,2.95992,3.01828,2.74092,2.76919,44187656.58733122
1754179200,2025-08-03,2.76896,2.96133,2.73000,2.94837,28456241.13805562
1754265600,2025-08-04,2.94838,3.08999,2.93308,3.07217,39225656.26164750
1754352000,2025-08-05,3.07217,3.10613,2.91574,2.96119,33064409.98999011
1754438400,2025-08-06,2.96119,3.01793,2.90279,2.99115,22394666.96776424
1754524800,2025-08-07,2.99115,3.33300,2.96621,3.31980,56977470.62417963
1754611200,2025-08-08,3.31999,3.38200,3.20750,3.28677,63079394.06866604
1754697600,2025-08-09,3.28677,3.34858,3.21100,3.22649,30759298.25279502
1754784000,2025-08-10,3.22663,3.27886,3.15167,3.18765,25574491.55419051
1754870400,2025-08-11,3.18765,3.33283,3.12000,3.13167,52772426.53718919
1754956800,2025-08-12,3.13167,3.30000,3.10333,3.26628,37562737.06581489
1755043200,2025-08-13,3.26628,3.33184,3.20175,3.27550,50411289.32440654
1755129600,2025-08-14,3.27550,3.35000,2.98795,3.08186,56421322.87754905
1755216000,2025-08-15,3.08151,3.14334,3.00383,3.07959,25563787.75808636
1755302400,2025-08-16,3.07977,3.15779,3.07594,3.10685,13566343.37824406
1755388800,2025-08-17,3.10684,3.14808,3.07988,3.08966,13875090.75809587
1755475200,2025-08-18,3.08966,3.09700,2.94112,3.06208,29027281.91127790
1755561600,2025-08-19,3.06209,3.08000,2.85000,2.86024,28729490.41051785
1755648000,2025-08-20,2.85992,2.99000,2.82010,2.95125,30594291.18097344
1755734400,2025-08-21,2.95125,2.95833,2.84200,2.85092,17145221.89074509
1755820800,2025-08-22,2.85091,3.10300,2.78174,3.07292,49426764.05709612
1755907200,2025-08-23,3.07292,3.07327,2.96834,3.04751,19437855.95635634
1755993600,2025-08-24,3.04746,3.12600,2.98819,3.02473,30269385.34793032
1756080000,2025-08-25,3.02477,3.05096,2.82443,2.85827,30959786.30723551
1756166400,2025-08-26,2.85827,3.08051,2.84530,3.01200,22092531.85630233
1756252800,2025-08-27,3.01200,3.04422,2.95000,2.96815,17940819.90653441
1756339200,2025-08-28,2.96814,3.04000,2.94298,2.96737,22255842.12897886
1756425600,2025-08-29,2.96737,2.97529,2.77000,2.81926,22875104.71557988
1756512000,2025-08-30,2.81944,2.83473,2.76000,2.81729,8522980.78741798
1756598400,2025-08-31,2.81729,2.86852,2.77046,2.77570,8219163.76223657
1756684800,2025-09-01,2.77568,2.83786,2.70000,2.75560,23896575.91598186
1756771200,2025-09-02,2.75866,2.86319,2.74841,2.86250,20335945.27570429
1756857600,2025-09-03,2.86251,2.88701,2.81300,2.84450,14604439.87688026
1756944000,2025-09-04,2.84450,2.86017,2.78652,2.79551,17670846.21952817
1757030400,2025-09-05,2.79551,2.88400,2.77820,2.81511,22327697.85212581
1757116800,2025-09-06,2.81511,2.82882,2.79271,2.81023,4212754.09316111
1757203200,2025-09-07,2.81008,2.92591,2.81008,2.87763,17623744.93383758
1757289600,2025-09-08,2.87736,2.99500,2.86238,2.97001,24642729.84383440
1757376000,2025-09-09,2.97001,3.03651,2.93556,2.94679,21389531.14183173
1757462400,2025-09-10,2.94704,3.17005,2.91331,2.98391,21796785.47512983
1757548800,2025-09-11,2.98392,3.04900,2.95144,3.04073,24396668.17353531
1757635200,2025-09-12,3.04084,3.13874,3.01741,3.10647,17076608.24767749
1757721600,2025-09-13,3.10721,3.18685,3.09000,3.12114,19903011.78644706
1757808000,2025-09-14,3.12074,3.12617,3.01250,3.02967,17678344.87272439
1757894400,2025-09-15,3.02967,3.06700,2.95693,2.99676,21172580.56472263
1757980800,2025-09-16,2.99676,3.05800,2.96512,3.03836,17766437.17714259
1758067200,2025-09-17,3.03836,3.10718,2.98300,3.08470,35420078.24173999
1758153600,2025-09-18,3.08492,3.13980,3.05777,3.07486,23930197.03525898
1758240000,2025-09-19,3.07486,3.09404,2.98047,2.99139,12998107.87283358
1758326400,2025-09-20,2.99139,3.01032,2.97000,2.97732,5161657.14411828
1758412800,2025-09-21,2.97687,3.01500,2.95354,2.97255,9893766.88492605
1758499200,2025-09-22,2.97255,2.97599,2.67861,2.85447,25959900.26511214
1758585600,2025-09-23,2.85447,2.89840,2.80221,2.82499,10790150.01782053
1758672000,2025-09-24,2.82502,2.99544,2.79000,2.92650,16199099.86509340
1758758400,2025-09-25,2.92650,2.94407,2.72476,2.74500,27265733.44275861
1758844800,2025-09-26,2.74500,2.81105,2.70067,2.78448,27295500.64528535
1758931200,2025-09-27,2.78458,2.83000,2.76264,2.80551,9275351.98794626
1759017600,2025-09-28,2.80590,2.86682,2.76711,2.86682,7996707.69577776
1759104000,2025-09-29,2.86682,2.92839,2.84505,2.88148,13395250.27340500
1759190400,2025-09-30,2.88148,2.90751,2.81372,2.84623,13547717.98558422
1759276800,2025-10-01,2.84623,2.96234,2.81470,2.94802,23289422.21076182
1759363200,2025-10-02,2.94976,3.10000,2.94261,3.04009,30249808.79333463
1759449600,2025-10-03,3.04007,3.09556,3.00750,3.04195,20242607.54451273
1759536000,2025-10-04,3.04197,3.05463,2.94000,2.96890,18516346.63737682
1759622400,2025-10-05,2.96890,3.07000,2.95000,2.97001,17402834.65828084
1759708800,2025-10-06,2.97001,3.04992,2.95745,2.99065,16270894.23785352
1759795200,2025-10-07,2.99065,3.00360,2.85026,2.85331,18388142.41295781
1759881600,2025-10-08,2.85331,2.92553,2.83111,2.87911,13322652.29730743
1759968000,2025-10-09,2.87972,2.88000,2.77000,2.80350,19197867.61174466
1760054400,2025-10-10,2.80350,2.83750,1.40000,2.37396,84792006.90803438
1760140800,2025-10-11,2.37652,2.50602,2.09031,2.38495,35348860.89102890
1760227200,2025-10-12,2.38497,2.58422,2.31500,2.52997,24963031.04673996
1760313600,2025-10-13,2.53076,2.64750,2.51637,2.60678,25825019.31094861
1760400000,2025-10-14,2.60731,2.62219,2.38983,2.50468,38047159.08158498
1760486400,2025-10-15,2.50448,2.54794,2.37486,2.41206,16587107.47228370
1760572800,2025-10-16,2.41240,2.46641,2.28500,2.32853,26631230.69228781
1760659200,2025-10-17,2.32853,2.39829,2.19000,2.29415,27859304.79441221
1760745600,2025-10-18,2.29416,2.39242,2.29045,2.36063,7886821.17487380
1760832000,2025-10-19,2.36049,2.41991,2.31961,2.39173,10282018.77894577
1760918400,2025-10-20,2.39200,2.55200,2.35678,2.49602,16135514.88767339
1761004800,2025-10-21,2.49601,2.53230,2.40241,2.42382,16340605.16721647
1761091200,2025-10-22,2.42382,2.43874,2.32750,2.36508,12460063.76613539
1761177600,2025-10-23,2.36564,2.42728,2.36188,2.39528,8968531.23435928
1761264000,2025-10-24,2.39579,2.51506,2.38819,2.51106,13581671.86598395
1761350400,2025-10-25,2.51110,2.65290,2.50323,2.59628,16933559.59599236
1761436800,2025-10-26,2.59628,2.66146,2.59231,2.64608,14965061.83864636
1761523200,2025-10-27,2.64580,2.69720,2.60239,2.63404,15449197.64259357
1761609600,2025-10-28,2.63405,2.68906,2.56685,2.60575,16636829.16737416
1761696000,2025-10-29,2.60576,2.66428,2.53167,2.55020,12749840.93513653
1761782400,2025-10-30,2.55090,2.59361,2.37754,2.43873,25854174.07957103
1761868800,2025-10-31,2.43929,2.55112,2.43399,2.50853,18800816.13687229
1761955200,2025-11-01,2.50853,2.52216,2.47500,2.50527,2814655.94310331
1762041600,2025-11-02,2.50527,2.55255,2.47948,2.52718,8173681.83202721
1762128000,2025-11-03,2.52602,2.53153,2.26074,2.30942,23251986.04704670
1762214400,2025-11-04,2.30942,2.36333,2.06683,2.20506,29546815.88030261
1762300800,2025-11-05,2.20509,2.37637,2.10125,2.34307,17423271.88331717
1762387200,2025-11-06,2.34275,2.41400,2.17963,2.21179,15517963.75345013
1762473600,2025-11-07,2.21180,2.37000,2.15251,2.31355,23146031.17415697
1762560000,2025-11-08,2.31355,2.33568,2.24051,2.28456,9047478.66119075
1762646400,2025-11-09,2.28456,2.39379,2.24000,2.36571,10502737.14519919
1762732800,2025-11-10,2.36571,2.58021,2.34513,2.52519,31280837.99050761
1762819200,2025-11-11,2.52522,2.56920,2.38000,2.39040,14875993.02162610
1762905600,2025-11-12,2.39150,2.44930,2.31583,2.38714,15185624.13921682
1762992000,2025-11-13,2.38769,2.52540,2.27543,2.32089,30786608.83780709
1763078400,2025-11-14,2.32132,2.33750,2.22334,2.24342,25375930.07729522
1763164800,2025-11-15,2.24301,2.30000,2.21111,2.23592,11905917.23259663
1763251200,2025-11-16,2.23600,2.27750,2.15519,2.21327,20839702.41925772
1763337600,2025-11-17,2.21327,2.30330,2.11302,2.16210,28613347.58125348
1763424000,2025-11-18,2.16210,2.24000,2.10584,2.21611,26969686.90741126
1763510400,2025-11-19,2.21613,2.21750,2.02500,2.10774,37766856.30206297
1763596800,2025-11-20,2.10774,2.14768,1.97281,1.99757,29071003.67617698
1763683200,2025-11-21,1.99770,2.02813,1.81779,1.94946,40085050.53564437
1763769600,2025-11-22,1.94970,1.96500,1.88751,1.94945,11640890.43310406
1763856000,2025-11-23,1.94945,2.08412,1.94840,2.04847,20001278.72070281
1763942400,2025-11-24,2.04872,2.28669,2.02408,2.22693,35906541.06350398
1764028800,2025-11-25,2.22693,2.26397,2.14768,2.20191,21605500.37538045
1764115200,2025-11-26,2.20119,2.25406,2.14432,2.22337,15818654.51484220
1764201600,2025-11-27,2.22337,2.23437,2.17382,2.20000,11660610.09822420
1764288000,2025-11-28,2.20000,2.27500,2.15751,2.17966,21535102.02502106
1764374400,2025-11-29,2.17982,2.22200,2.16634,2.20284,9467735.12305334
1764460800,2025-11-30,2.20285,2.21480,2.15371,2.15423,12032892.07713379
1764547200,2025-12-01,2.15423,2.16128,1.98441,2.03001,25727999.11555870
1764633600,2025-12-02,2.03001,2.18358,1.99598,2.15367,17434069.41017958
1764720000,2025-12-03,2.15371,2.22000,2.14166,2.19844,15541819.70485067
1764806400,2025-12-04,2.19844,2.21422,2.06942,2.09615,12779926.35184155
1764892800,2025-12-05,2.09615,2.11297,2.01400,2.03579,12791948.14742041
1764979200,2025-12-06,2.03579,2.05084,2.01688,2.03126,6887839.95272723
1765065600,2025-12-07,2.03151,2.11041,1.99000,2.04470,15436034.30791546
1765152000,2025-12-08,2.04470,2.12356,2.02878,2.07250,17102610.03116138
1765238400,2025-12-09,2.07251,2.17784,2.04201,2.10674,22088841.22668627
1765324800,2025-12-10,2.10643,2.11048,2.03535,2.04225,17932413.07356208
1765411200,2025-12-11,2.04220,2.05764,1.97866,2.03441,16661859.57064058
1765497600,2025-12-12,2.03442,2.04804,1.97001,2.00772,12812780.50047973
1765584000,2025-12-13,2.00772,2.04774,2.00703,2.02288,5211886.30569223
1765670400,2025-12-14,2.02288,2.03089,1.95250,1.97863,6410682.77584562
1765756800,2025-12-15,1.97883,2.01379,1.86985,1.89842,19892949.30105373
1765843200,2025-12-16,1.89853,1.94815,1.85234,1.92935,15288272.85552121
1765929600,2025-12-17,1.92927,1.98656,1.84731,1.86226,21131167.43824685
1766016000,2025-12-18,1.86204,1.93319,1.80022,1.80629,27754070.85290396
1766102400,2025-12-19,1.80654,1.91943,1.77078,1.90805,22383300.93532478
1766188800,2025-12-20,1.90805,1.95786,1.89312,1.93271,9349025.82859963
1766275200,2025-12-21,1.93271,1.94859,1.89501,1.92147,6115737.96952100
1766361600,2025-12-22,1.92147,1.94790,1.89132,1.90333,14255801.82744619
1766448000,2025-12-23,1.90253,1.90809,1.86290,1.87222,10594089.50034306
1766534400,2025-12-24,1.87265,1.87696,1.83568,1.86072,8171407.19026586
1766620800,2025-12-25,1.86086,1.88729,1.82783,1.83175,6883342.46051550
1766707200,2025-12-26,1.83162,1.88133,1.82380,1.84233,8298101.45701268
1766793600,2025-12-27,1.84246,1.87720,1.84044,1.87186,4786609.82997008
1766880000,2025-12-28,1.87219,1.87813,1.85259,1.86381,4556736.57343185
1766966400,2025-12-29,1.86417,1.91559,1.84300,1.84863,12426006.37882977
1767052800,2025-12-30,1.84853,1.88429,1.84251,1.87552,8086931.37005211
1767139200,2025-12-31,1.87543,1.88158,1.80940,1.83915,17359356.97129710
1767225600,2026-01-01,1.83963,1.87853,1.82353,1.87690,12395442.58293445
1767312000,2026-01-02,1.87690,2.03000,1.86677,2.00600,22289441.07555779
1767398400,2026-01-03,2.00613,2.05537,1.98332,2.01737,17666952.54224182
1767484800,2026-01-04,2.01710,2.11903,2.01560,2.09055,20198975.02118192
1767571200,2026-01-05,2.09002,2.36964,2.08671,2.34735,67407268.85193670
1767657600,2026-01-06,2.34820,2.41622,2.20259,2.30245,68587834.05995147
1767744000,2026-01-07,2.30277,2.31951,2.15000,2.16342,31172391.95807935
1767830400,2026-01-08,2.16373,2.18926,2.06335,2.12151,31037173.44473440
1767916800,2026-01-09,2.12130,2.16000,2.07024,2.09316,23703393.76995972
1768003200,2026-01-10,2.09313,2.10761,2.07716,2.08803,10842388.12583444
1768089600,2026-01-11,2.08780,2.10680,2.04128,2.07174,10775704.24680386
1768176000,2026-01-12,2.07153,2.10600,2.03238,2.05175,23409208.53383022
1768262400,2026-01-13,2.05118,2.18357,2.04534,2.16431,23881184.07121843
1768348800,2026-01-14,2.16444,2.19318,2.11000,2.13878,21434476.97092779
1768435200,2026-01-15,2.13925,2.14325,2.05220,2.07816,16925307.31809636
1768521600,2026-01-16,2.07816,2.08657,2.02479,2.06668,14891303.09477560
1768608000,2026-01-17,2.06683,2.08198,2.05250,2.06220,9719033.20102851
1768694400,2026-01-18,2.06212,2.06746,1.98401,1.99081,11918594.78667048
1768780800,2026-01-19,1.99037,2.02820,1.84795,1.98446,26922294.98648291
1768867200,2026-01-20,1.98504,1.98940,1.86811,1.88780,16096180.88611346
1768953600,2026-01-21,1.88802,1.98767,1.87056,1.94611,21412125.48603021
1769040000,2026-01-22,1.94587,1.96500,1.90001,1.92185,9893924.93497855
1769126400,2026-01-23,1.92185,1.96326,1.88315,1.91729,13475881.75348846
1769212800,2026-01-24,1.91729,1.92484,1.90674,1.91152,3901570.70336450
1769299200,2026-01-25,1.91150,1.91397,1.81000,1.83356,16675791.81616324
1769385600,2026-01-26,1.83400,1.94577,1.83144,1.90195,16073437.21134858
1769472000,2026-01-27,1.90195,1.92650,1.87175,1.91287,8942993.20376295
1769558400,2026-01-28,1.91308,1.93945,1.89201,1.90843,8680597.00274451
1769644800,2026-01-29,1.90834,1.91000,1.77512,1.80463,30980477.67673466
1769731200,2026-01-30,1.80472,1.80972,1.70988,1.73257,32367208.66102236
1769817600,2026-01-31,1.73296,1.75199,1.50041,1.64564,41485590.04858239
1769904000,2026-02-01,1.64519,1.67810,1.55182,1.58837,26457983.74590972
1769990400,2026-02-02,1.58932,1.65610,1.52962,1.61777,34391496.50414595
1770076800,2026-02-03,1.61815,1.63205,1.52589,1.57702,21576186.99505971
1770163200,2026-02-04,1.57606,1.60966,1.49085,1.50870,28213858.80650549
1770249600,2026-02-05,1.50870,1.51160,1.13565,1.21169,97157377.42463439
1770336000,2026-02-06,1.21258,1.54353,1.11028,1.46810,83916742.45290733
1770422400,2026-02-07,1.46850,1.48697,1.38480,1.42259,24126236.23365155
1770508800,2026-02-08,1.42347,1.46753,1.40881,1.43000,14344635.93177407
1770595200,2026-02-09,1.42993,1.46333,1.37138,1.43646,24656232.58586308
1770681600,2026-02-10,1.43650,1.45233,1.39128,1.39925,16577295.02208637
1770768000,2026-02-11,1.39913,1.41960,1.34176,1.36882,22948400.33891576
1770854400,2026-02-12,1.36892,1.40696,1.34519,1.36229,17524715.80825029
1770940800,2026-02-13,1.36243,1.42700,1.34751,1.40663,18101648.11786047
1771027200,2026-02-14,1.40671,1.51266,1.40465,1.50878,16813385.68932796
1771113600,2026-02-15,1.50849,1.67135,1.44371,1.47439,39205029.42378921
1771200000,2026-02-16,1.47418,1.51643,1.44801,1.48690,18556086.88303892
1771286400,2026-02-17,1.48689,1.51199,1.42645,1.47305,20247561.92989452
1771372800,2026-02-18,1.47356,1.49320,1.41036,1.42111,13963099.43621741
1771459200,2026-02-19,1.42120,1.43709,1.38167,1.40619,15124786.91596703
1771545600,2026-02-20,1.40611,1.43879,1.37800,1.42870,15277164.21468346
1771632000,2026-02-21,1.42843,1.46413,1.41931,1.43017,8474916.67739566
1771718400,2026-02-22,1.43001,1.43323,1.38000,1.39246,8152942.30959963
1771804800,2026-02-23,1.39303,1.42443,1.33000,1.35145,24316637.73316070
1771891200,2026-02-24,1.35144,1.36675,1.31250,1.34837,18914516.12535656
1771977600,2026-02-25,1.34824,1.49365,1.34081,1.43371,39936298.00941914
1772064000,2026-02-26,1.43382,1.46947,1.38279,1.40265,28181102.17541240
1772150400,2026-02-27,1.40265,1.42602,1.33864,1.35625,23943953.81558728
1772236800,2026-02-28,1.35627,1.39327,1.27024,1.37650,30940421.96504812
1772323200,2026-03-01,1.37684,1.43299,1.33718,1.35254,19346026.99781150
1772409600,2026-03-02,1.35287,1.42259,1.33369,1.38996,31200266.71072148
1772496000,2026-03-03,1.39013,1.39494,1.33628,1.36090,22153800.53512518
1772582400,2026-03-04,1.36073,1.47391,1.34550,1.43095,30831358.67339870
1772668800,2026-03-05,1.43170,1.45231,1.39590,1.40423,15000103.08174029
1772755200,2026-03-06,1.40384,1.41458,1.34604,1.36330,17074752.25998004
1772841600,2026-03-07,1.36370,1.37499,1.34800,1.35666,4740804.78101382
1772928000,2026-03-08,1.35712,1.37155,1.32179,1.34033,8036264.22967902
1773014400,2026-03-09,1.34036,1.38437,1.33323,1.36320,11610127.56774563
1773100800,2026-03-10,1.36306,1.44232,1.36095,1.38665,18204936.94269129
1773187200,2026-03-11,1.38670,1.41100,1.37049,1.38454,15035972.88010473
1773273600,2026-03-12,1.38454,1.39312,1.36590,1.38530,13821740.76621901
1773360000,2026-03-13,1.38457,1.45290,1.38376,1.39936,32983057.02452932
1773446400,2026-03-14,1.39907,1.40852,1.38551,1.40670,5007797.55818032
1773532800,2026-03-15,1.40681,1.46472,1.40265,1.44939,14757093.28975635
1773619200,2026-03-16,1.44894,1.55311,1.43615,1.54327,32647861.99233003
1773705600,2026-03-17,1.54317,1.60681,1.49516,1.51856,36926233.78069146
1773792000,2026-03-18,1.51847,1.54234,1.43661,1.46509,28008153.76882707
1773878400,2026-03-19,1.46532,1.48206,1.42228,1.44753,16486540.42071367
1773964800,2026-03-20,1.44754,1.46594,1.42500,1.44483,13764186.84379511
1774051200,2026-03-21,1.44500,1.45226,1.40088,1.40901,8227687.76393991
1774137600,2026-03-22,1.40828,1.42594,1.37132,1.38473,11400771.75266196
1774224000,2026-03-23,1.38471,1.46500,1.36133,1.43195,20321562.48570262
1774310400,2026-03-24,1.43170,1.43436,1.38380,1.41550,15497738.70847488
1774396800,2026-03-25,1.41562,1.43722,1.40200,1.41420,11049031.39284471
1774483200,2026-03-26,1.41412,1.41582,1.33582,1.36002,11779463.31229792
1774569600,2026-03-27,1.36016,1.37145,1.27031,1.32490,26914283.14273218
1774656000,2026-03-28,1.32466,1.35700,1.31828,1.33262,6578764.58021916
1774742400,2026-03-29,1.33262,1.34199,1.29367,1.32671,8214171.32425829
1774828800,2026-03-30,1.32679,1.36561,1.31574,1.32307,14049387.98468495
1774915200,2026-03-31,1.32367,1.34880,1.30372,1.34020,12231102.90509803
1775001600,2026-04-01,1.33987,1.36780,1.33108,1.34753,12482943.01539528
1775088000,2026-04-02,1.34748,1.35653,1.28012,1.32027,17783239.38544955
1775174400,2026-04-03,1.31991,1.33549,1.30317,1.31824,10561252.64974396
1775260800,2026-04-04,1.31790,1.32265,1.30664,1.31474,3515470.73549061
1775347200,2026-04-05,1.31538,1.33128,1.27860,1.32576,8970811.71993865
1775433600,2026-04-06,1.32605,1.35665,1.31200,1.32109,14114289.46770037
1775520000,2026-04-07,1.32106,1.39634,1.29401,1.37900,16774860.68486082
1775606400,2026-04-08,1.37829,1.38909,1.33932,1.34295,15384074.46113807
1775692800,2026-04-09,1.34293,1.36939,1.32227,1.34377,18751731.46533730
1775779200,2026-04-10,1.34384,1.36609,1.33515,1.35690,10182476.77764536
1775865600,2026-04-11,1.35690,1.37540,1.34070,1.35505,10158202.27062130
1775952000,2026-04-12,1.35503,1.35906,1.32000,1.32472,8975736.51826307
1776038400,2026-04-13,1.32497,1.38369,1.32000,1.37634,14280828.63550539
1776124800,2026-04-14,1.37635,1.39647,1.35274,1.36221,16505179.08313286
1776211200,2026-04-15,1.36223,1.40863,1.35103,1.39200,15454613.47644564
1776297600,2026-04-16,1.39265,1.46643,1.38717,1.45337,21998825.96931881
1776384000,2026-04-17,1.45327,1.51000,1.42302,1.47712,30304557.49235442
1776470400,2026-04-18,1.47584,1.48286,1.42460,1.43282,15477843.87116444
1776556800,2026-04-19,1.43266,1.44738,1.39178,1.39467,11439722.40216677
1776643200,2026-04-20,1.39485,1.43700,1.39409,1.42500,12807756.69158765
1776729600,2026-04-21,1.42482,1.44916,1.41167,1.43391,12510004.54115123
1776816000,2026-04-22,1.43429,1.46250,1.42726,1.42958,16555020.13093077
1776902400,2026-04-23,1.42958,1.44138,1.41000,1.43914,10097728.62265302
1776988800,2026-04-24,1.43920,1.45051,1.42417,1.43387,19391016.02557154
1777075200,2026-04-25,1.43341,1.43820,1.41927,1.42428,4511164.00274520
1777161600,2026-04-26,1.42434,1.43647,1.41682,1.43090,5492977.98587462
1777248000,2026-04-27,1.43118,1.44717,1.38356,1.40065,15928951.11507550
1777334400,2026-04-28,1.40070,1.40070,1.36801,1.38028,9070995.63287650
1777420800,2026-04-29,1.38015,1.40618,1.34600,1.36862,13539090.48787439
1777507200,2026-04-30,1.36862,1.38400,1.35833,1.36746,9010629.30051613
1777593600,2026-05-01,1.36744,1.40035,1.36447,1.38549,8822888.92035935
1777680000,2026-05-02,1.38574,1.40000,1.38147,1.39359,4554407.04045951
1777766400,2026-05-03,1.39361,1.40404,1.38150,1.38763,5000587.22602281
1777852800,2026-05-04,1.38764,1.41990,1.38314,1.39166,11667000.32546842
1777939200,2026-05-05,1.39168,1.42157,1.39044,1.41284,7872664.74327924
1778025600,2026-05-06,1.41260,1.45706,1.40777,1.42468,19194666.29116932
1778112000,2026-05-07,1.42439,1.42552,1.38000,1.38663,8945725.23794251
1778198400,2026-05-08,1.38690,1.42647,1.37739,1.41793,8658968.98990374
1778284800,2026-05-09,1.41793,1.43482,1.41145,1.42018,6742174.55836378
1778371200,2026-05-10,1.42018,1.50745,1.41147,1.47290,23111831.07925221
1778457600,2026-05-11,1.47351,1.48767,1.44000,1.47747,15962942.31227385
1778544000,2026-05-12,1.47737,1.48450,1.41853,1.43667,12854694.76660710
1778630400,2026-05-13,1.43679,1.46895,1.41092,1.42664,12444345.37031632
1778716800,2026-05-14,1.42664,1.54960,1.42067,1.48508,37053747.77838000
1778803200,2026-05-15,1.48509,1.49997,1.42727,1.43352,17435307.37449315
1778889600,2026-05-16,1.43351,1.43856,1.39586,1.41334,10263468.10419167
1778976000,2026-05-17,1.41310,1.42809,1.37208,1.40120,11400394.19885609
1779062400,2026-05-18,1.40091,1.40183,1.36306,1.38937,13450325.82261704
1779148800,2026-05-19,1.38937,1.39668,1.35208,1.36043,13976646.67985612
1779235200,2026-05-20,1.36037,1.37987,1.34649,1.36589,9400074.71751492
1779321600,2026-05-21,1.36567,1.38461,1.35047,1.37232,9110998.09218223
1779408000,2026-05-22,1.37230,1.37465,1.32844,1.33246,13395273.86056006
1779494400,2026-05-23,1.33323,1.37413,1.30001,1.35674,10953926.88925531
1779580800,2026-05-24,1.35665,1.36907,1.33121,1.34911,6984445.28980858
1779667200,2026-05-25,1.34904,1.36439,1.34200,1.34903,4620454.39016553
1779753600,2026-05-26,1.34903,1.36387,1.32551,1.32722,12421641.08709133
1779840000,2026-05-27,1.32727,1.34091,1.30180,1.30569,11080054.77357376
1779926400,2026-05-28,1.30579,1.33611,1.26584,1.31354,21889244.79452471
1780012800,2026-05-29,1.31355,1.33129,1.29259,1.32794,19004446.93139501
1780099200,2026-05-30,1.32794,1.36426,1.32645,1.33878,12293444.69112423
1780185600,2026-05-31,1.33879,1.34606,1.31900,1.33089,5883909.45267856
1780272000,2026-06-01,1.33121,1.33911,1.27800,1.29573,14601279.61596487
1780358400,2026-06-02,1.29559,1.29559,1.19248,1.21015,29752872.00052456
1780444800,2026-06-03,1.21050,1.24700,1.18603,1.19959,23325410.40431386
1780531200,2026-06-04,1.19947,1.21054,1.14000,1.16770,34264430.05664759
1780617600,2026-06-05,1.16760,1.17316,1.06971,1.09744,40440543.93947149
1780704000,2026-06-06,1.09744,1.11379,1.05001,1.09292,21649250.55920964
1780790400,2026-06-07,1.09320,1.17118,1.08807,1.15493,23762974.84026855
1780876800,2026-06-08,1.15526,1.18637,1.13151,1.16764,22174852.79351578
1780963200,2026-06-09,1.16782,1.17600,1.11791,1.13660,20981243.62721478
1781049600,2026-06-10,1.13714,1.14042,1.08797,1.09640,19689703.48662960
1781136000,2026-06-11,1.09614,1.14868,1.09563,1.14064,14976805.57205255
1781222400,2026-06-12,1.14145,1.15652,1.12500,1.13171,18135897.12229342
1781308800,2026-06-13,1.13199,1.16000,1.12873,1.14979,7769918.60212773
1781395200,2026-06-14,1.15021,1.18686,1.12651,1.18537,13036723.07084965
1781481600,2026-06-15,1.18530,1.29338,1.17760,1.23740,41762837.79451559
1781568000,2026-06-16,1.23717,1.25528,1.20394,1.21594,19793140.80808845
1781654400,2026-06-17,1.21699,1.22619,1.17069,1.18587,23714560.15310871
1781740800,2026-06-18,1.18546,1.19118,1.13203,1.14534,16472054.31354757
1781827200,2026-06-19,1.14492,1.15183,1.11819,1.13531,12772925.88127502
1781913600,2026-06-20,1.13500,1.15420,1.13339,1.14892,8366583.45609770
1782000000,2026-06-21,1.14898,1.15200,1.12000,1.12362,6574528.65951160
1782086400,2026-06-22,1.12365,1.16250,1.12044,1.12844,16004841.88790653
1782172800,2026-06-23,1.12835,1.13250,1.09104,1.10903,16489507.74494902
1782259200,2026-06-24,1.10866,1.11241,1.04500,1.07173,28543034.25582039
1782345600,2026-06-25,1.07198,1.08799,1.01061,1.04156,32928981.82710831
1782432000,2026-06-26,1.04206,1.05420,1.00798,1.04761,33795226.60064286
1782518400,2026-06-27,1.04760,1.07589,1.04237,1.04607,14842744.88323053
1782604800,2026-06-28,1.04592,1.05725,1.03263,1.04696,7726743.60484693
1782691200,2026-06-29,1.04696,1.07522,1.03090,1.05745,22597356.46897296
1782777600,2026-06-30,1.05732,1.05744,1.02603,1.03854,19442100.21725857
1782864000,2026-07-01,1.03854,1.07215,1.02085,1.05162,22490259.25227795
1782950400,2026-07-02,1.05199,1.11128,1.04399,1.08698,28090722.91211870
1783036800,2026-07-03,1.08709,1.14399,1.08170,1.13427,25030592.34878148
1783123200,2026-07-04,1.13369,1.18315,1.13054,1.15626,27295172.60904368
1783209600,2026-07-05,1.15627,1.16832,1.12413,1.15617,19761527.61648438
1783296000,2026-07-06,1.15618,1.16337,1.10852,1.14380,21165038.75641709
1783382400,2026-07-07,1.14440,1.15078,1.10720,1.11123,12775109.38804482
1783468800,2026-07-08,1.11159,1.11524,1.06835,1.08991,17461113.09703145
1783555200,2026-07-09,1.08991,1.10209,1.08207,1.09259,8875780.37939572
1783641600,2026-07-10,1.09238,1.11717,1.08850,1.10386,9607842.10788768
1783728000,2026-07-11,1.10395,1.11848,1.09590,1.09638,6716056.91460102
1783814400,2026-07-12,1.09589,1.10310,1.08000,1.08544,7521102.69886157
1783900800,2026-07-13,1.08544,1.10172,1.05250,1.06617,12189268.18356430
1783987200,2026-07-14,1.06632,1.12060,1.06001,1.11084,15176243.69484303
1784073600,2026-07-15,1.11114,1.12901,1.09822,1.11252,12968345.11456929
1784160000,2026-07-16,1.11317,1.11702,1.08459,1.08638,8501896.77920736
1784246400,2026-07-17,1.08623,1.09490,1.06900,1.08818,7478044.73048593
1784332800,2026-07-18,1.08829,1.09710,1.08144,1.09205,7852828.91078182
1784419200,2026-07-19,1.09235,1.10060,1.08830,1.09699,4536246.34727859
1784505600,2026-07-20,1.09604,1.11966,1.08174,1.11160,10717003.65822079
1784592000,2026-07-21,1.11090,1.16424,1.11064,1.14289,17463412.10584648
1784678400,2026-07-22,1.14261,1.15670,1.12833,1.14164,10172863.83858290
1784764800,2026-07-23,1.14181,1.14459,1.10018,1.10721,11233144.15241888
1784851200,2026-07-24,1.10730,1.12088,1.08425,1.09103,10560852.65772864
1784937600,2026-07-25,1.09101,1.10725,1.08480,1.09685,4471535.90898022
1785024000,2026-07-26,1.09669,1.11562,1.09455,1.11194,4682223.26133815
1785110400,2026-07-27,1.11224,1.11353,1.06200,1.06522,14093163.65061959
1785196800,2026-07-28,1.06528,1.06924,1.04429,1.06780,11306923.51326004
1785283200,2026-07-29,1.06797,1.09230,1.06141,1.07243,13088435.15559346
1785369600,2026-07-30,1.07243,1.09408,1.06736,1.08201,5234782.56773259
1785456000,2026-07-31,1.08223,1.08893,1.05639,1.06081,11050177.87352133
1785542400,2026-08-01,1.06093,1.06662,1.04631,1.05952,5055327.94701051
1785628800,2026-08-02,1.05990,1.09178,1.05987,1.08569,6296813.88395926
1785715200,2026-08-03,1.08570,1.08649,1.06110,1.07483,7036372.00267017
1785801600,2026-08-04,1.07424,1.08230,1.06862,1.07311,7505036.52796245
1785888000,2026-08-05,1.07310,1.07595,1.05388,1.06121,9095896.77137118
1785974400,2026-08-06,1.06121,1.06252,1.02865,1.03430,23316439.03661190
1786060800,2026-08-07,1.03430,1.04175,1.01250,1.02060,22074904.73330400
1786147200,2026-08-08,1.02028,1.04798,1.01961,1.03865,9115299.94945494
1786233600,2026-08-09,1.03873,1.04683,1.02555,1.02907,5536521.54197495
1786320000,2026-08-10,1.02901,1.03970,1.00500,1.01095,10488566.07384932
1786406400,2026-08-11,1.01146,1.02513,0.99012,1.02221,18877683.62778268
1786492800,2026-08-12,1.02184,1.02489,1.00000,1.00461,5840405.63786224
1786579200,2026-08-13,1.00455,1.01425,0.99750,1.00855,11917834.76755165
1786665600,2026-08-14,1.00863,1.01301,0.98471,0.99859,11928155.53613794
1786752000,2026-08-15,0.99864,1.00690,0.99721,1.00175,5372459.62505685
1786838400,2026-08-16,1.00163,1.00266,0.98941,0.99245,4497101.39817298
1786924800,2026-08-17,0.99258,1.00751,0.98764,1.00223,11219900.20803837
1787011200,2026-08-18,1.00241,1.00545,0.98811,1.00107,9101881.85612421
1787097600,2026-08-19,1.00142,1.13487,0.99538,1.10537,45127772.31827390
1787184000,2026-08-20,1.10521,1.34369,1.08750,1.26800,93125800.41813358
1787270400,2026-08-21,1.26846,1.47633,1.25915,1.45425,132140289.25460938
1787356800,2026-08-22,1.45424,1.70000,1.33590,1.46177,214989259.14016021
1787443200,2026-08-23,1.46179,1.55077,1.43488,1.51989,67554183.08400472
1787529600,2026-08-24,1.52077,1.53060,1.45304,1.48115,60247628.87910039
1787616000,2026-08-25,1.48075,1.54971,1.39438,1.43350,44968696.22238632
1787702400,2026-08-26,1.43368,1.44999,1.35720,1.42282,68659846.24476891
1787788800,2026-08-27,1.42298,1.47414,1.39336,1.45357,37492795.55676409
1787875200,2026-08-28,1.45387,1.47200,1.36310,1.38376,62839078.94990615
1787961600,2026-08-29,1.38361,1.40347,1.37704,1.39661,12909493.92190146
1788048000,2026-08-30,1.39660,1.43300,1.33500,1.35751,19793269.24698403
1788134400,2026-08-31,1.35767,1.39579,1.33914,1.37943,23888922.67555822
1788220800,2026-09-01,1.37954,1.39669,1.33777,1.35111,22837978.14606649
1788307200,2026-09-02,1.35111,1.35671,1.30948,1.35075,36525130.29415440
1788393600,2026-09-03,1.35071,1.48323,1.33975,1.45113,61450037.44022276
1788480000,2026-09-04,1.45113,1.46200,1.38268,1.39896,41406165.32967695
1788566400,2026-09-05,1.39888,1.42799,1.39404,1.41238,26622926.77625937
1788652800,2026-09-06,1.41260,1.43261,1.39860,1.42357,25205770.82530379
1788739200,2026-09-07,1.42362,1.43085,1.37753,1.39644,35804408.23110097
1788825600,2026-09-08,1.39653,1.45019,1.38081,1.41720,39820993.03391158
1788912000,2026-09-09,1.41721,1.44565,1.37807,1.39493,39591670.58364964
1788998400,2026-09-10,1.39465,1.39629,1.32886,1.33398,36750464.09596154
1789084800,2026-09-11,1.33440,1.43261,1.31506,1.35614,49144186.30636100
1789171200,2026-09-12,1.35612,1.37421,1.35400,1.36616,22077551.85160284
1789257600,2026-09-13,1.36602,1.37000,1.33235,1.34064,18530803.36669456
1789344000,2026-09-14,1.34078,1.49234,1.33501,1.42315,84425292.38626705
1789430400,2026-09-15,1.42283,1.46000,1.26409,1.28257,117357050.97216547
1789516800,2026-09-16,1.28239,1.31700,1.24610,1.29828,60718094.27847188
1789603200,2026-09-17,1.29830,1.31944,1.28610,1.29600,46316197.06950503
1789689600,2026-09-18,1.29516,1.41400,1.29080,1.39609,91158704.90660454
1789776000,2026-09-19,1.39610,1.45484,1.39235,1.41018,49780095.02533147
1789862400,2026-09-20,1.41017,1.41738,1.36744,1.41013,42591793.75083334
1789948800,2026-09-21,1.41009,1.57480,1.40373,1.53636,99090253.29397126
1790035200,2026-09-22,1.53601,1.61000,1.49266,1.57231,105321829.23146547
1790121600,2026-09-23,1.57173,1.65780,1.48000,1.50078,100610587.82138383
1790208000,2026-09-24,1.50048,1.54807,1.45162,1.53423,48109551.67112884
1790294400,2026-09-25,1.53420,1.62929,1.51863,1.56815,91215986.71503821
1790380800,2026-09-26,1.56840,1.58060,1.50200,1.52708,39337428.34379470
1790467200,2026-09-27,1.52687,1.54562,1.50280,1.51642,32118645.72223029
1790553600,2026-09-28,1.51672,1.53300,1.46942,1.49612,43029521.60233250
1790640000,2026-09-29,1.49610,1.56056,1.46444,1.49011,59800882.66874229
1790726400,2026-09-30,1.49024,1.54357,1.48446,1.48893,38091847.53224633
1790812800,2026-10-01,1.48910,1.50965,1.47398,1.49386,35016506.87508125
1790899200,2026-10-02,1.49365,1.55506,1.44698,1.48441,51067283.42868724
1790985600,2026-10-03,1.48455,1.49580,1.47940,1.48606,10709628.42567857
1791072000,2026-10-04,1.48606,1.52698,1.48505,1.52016,14397487.83979089
1791158400,2026-10-05,1.52010,1.53087,1.49880,1.51446,11364863.74232241
